,0,1,2,3,4,5,6,7,8,9
9,45,35,29,8,24,28,21,20,11,27
13,11,51,7,62,24,53,10,49,36,35
20,23,50,48,54,12,28,38,16,14,26
22,2,61,56,33,8,53,9,51,26,34
24,55,27,1,19,38,32,31,21,24,34
35,2,62,45,54,19,23,37,52,12,41
48,54,42,52,31,18,27,59,55,12,14
49,6,49,19,2,52,26,44,8,29,60
67,18,14,17,61,10,31,49,25,58,9
73,2,47,44,23,48,3,0,0,0,0
75,40,7,14,58,34,26,6,42,4,54
78,31,41,43,40,53,54,48,49,58,57
87,45,8,4,61,16,53,44,15,14,9
89,15,41,35,56,37,2,42,39,11,40
92,46,47,21,43,27,12,3,25,45,37
113,46,33,52,12,59,49,2,25,0,0
125,62,27,41,53,43,40,25,14,46,45
153,55,5,16,44,39,4,27,34,9,35
164,21,57,6,20,33,39,35,43,47,61
176,2,21,38,20,35,5,24,25,59,9
193,53,46,24,42,26,61,6,54,0,0
194,50,14,38,58,52,16,48,21,28,18
195,46,41,9,42,52,10,12,2,45,20
199,32,36,6,2,11,9,20,47,57,48
213,24,16,18,27,33,1,55,42,35,30
221,15,43,58,49,21,2,46,30,20,55
231,50,26,56,40,19,54,51,23,41,4
234,14,53,5,16,20,56,35,28,6,48
236,19,26,11,37,27,59,8,4,43,9
246,24,9,29,47,19,5,22,40,52,10
247,10,21,13,20,32,59,53,61,6,41
252,28,40,19,42,9,27,51,10,24,58
255,50,56,55,18,24,51,19,46,22,26
263,62,52,36,50,18,57,46,11,8,27
271,1,41,60,39,4,26,40,49,25,53
273,24,39,31,10,22,5,40,60,6,23
274,4,26,9,52,7,60,34,50,62,49
286,29,52,49,28,33,44,62,14,42,9
304,32,26,48,37,60,34,14,61,55,10
322,18,45,30,52,50,47,16,38,58,2
326,46,8,34,56,35,45,18,9,21,0
332,61,53,1,52,11,38,62,41,27,21
340,24,34,38,61,39,35,46,8,16,33
347,21,40,42,34,16,33,44,62,23,28
361,58,52,21,26,20,56,41,28,24,2
367,44,10,20,38,2,12,7,6,46,24
368,44,46,2,61,40,17,51,1,22,0
387,23,12,45,34,41,15,48,36,60,11
450,59,12,56,53,31,60,44,16,28,17
451,11,12,26,28,47,23,61,8,1,10
453,20,25,7,53,61,41,58,59,36,45
455,25,51,4,49,40,26,0,0,0,0
456,61,49,8,26,48,19,51,15,50,1
498,40,25,62,49,26,46,61,33,59,19
503,15,56,18,38,28,51,32,20,61,7
520,20,10,61,12,40,15,9,54,39,43
521,61,13,19,45,50,16,62,3,52,12
523,38,34,31,40,46,55,45,11,6,0
524,13,30,7,12,29,24,53,23,40,8
538,9,30,40,24,62,49,55,37,48,10
574,46,16,6,27,52,45,55,49,11,48
577,5,51,14,22,52,61,34,37,36,12
606,8,35,54,58,61,32,49,51,12,26
615,33,14,15,27,39,56,25,50,19,20
624,34,26,14,17,52,25,24,35,7,45
626,51,56,45,2,1,38,18,5,13,44
641,16,7,15,2,19,26,35,54,25,32
642,25,16,60,1,59,7,29,53,49,50
663,3,21,35,25,54,32,7,2,28,23
675,27,8,14,38,59,32,19,52,22,61
679,53,12,27,28,15,44,13,20,29,56
692,33,30,60,50,5,24,32,20,34,1
702,32,35,46,55,54,43,51,36,27,42
713,59,51,11,62,56,40,12,46,13,35
736,4,46,59,13,32,24,52,9,19,34
738,46,12,45,23,36,52,18,53,43,39
749,8,38,55,32,39,7,3,48,9,35
771,30,4,61,39,10,60,62,22,12,48
793,60,26,4,51,7,8,24,22,30,49
798,27,1,18,34,56,50,2,32,41,13
800,62,61,6,50,36,35,41,26,52,28
803,47,58,29,60,25,7,57,44,30,62
807,57,25,51,4,15,33,26,6,28,42
810,44,25,59,56,2,61,13,62,26,51
833,59,53,56,41,44,5,43,29,12,13
837,8,26,22,45,15,56,33,41,48,47
839,3,32,18,49,25,13,8,1,16,14
868,7,59,48,44,50,15,54,39,16,25
880,50,47,5,29,35,39,33,36,24,9
891,56,13,48,5,33,35,32,26,16,52
898,5,62,32,10,45,40,34,35,9,0
902,28,59,38,60,56,34,46,1,32,62
905,16,24,38,49,41,2,32,21,39,6
907,38,44,61,52,56,58,25,41,22,0
916,27,21,38,22,57,42,51,15,19,53
922,55,24,40,10,7,1,32,6,54,41
933,12,33,41,39,7,24,1,27,45,40
938,19,2,1,56,60,15,53,54,39,40
940,60,49,8,26,1,40,44,57,45,32
942,47,56,23,2,19,10,11,14,27,17
944,52,43,12,8,2,28,58,45,41,33
945,31,17,51,53,22,57,5,18,59,14
946,52,30,18,32,60,56,51,55,7,58
948,33,38,50,37,41,5,56,32,21,26
954,39,41,62,17,33,2,29,5,28,26
955,17,37,21,41,60,46,22,18,33,51
968,5,2,42,26,60,41,1,12,56,47
975,14,57,1,31,7,42,5,3,36,0
977,60,31,8,25,10,34,17,33,43,6
979,41,52,62,5,50,40,21,61,39,6
983,24,17,6,31,23,22,49,41,39,56
1010,50,46,24,27,59,28,16,26,58,18
1016,41,50,58,61,24,12,32,48,16,47
1029,50,32,59,19,5,15,25,28,48,45
1030,36,42,2,53,18,34,37,39,32,35
1045,32,16,12,7,18,39,10,28,17,3
1048,48,40,46,59,21,12,39,38,32,56
1050,60,50,47,26,51,55,8,48,13,46
1055,24,43,48,9,49,32,38,62,25,23
1064,62,10,58,24,53,39,4,35,13,27
1072,49,50,60,55,13,1,24,7,6,52
1087,9,48,39,34,7,19,11,28,1,31
1100,28,40,32,55,14,4,2,0,0,0
1109,56,2,55,21,29,23,53,45,58,0
1131,34,54,18,10,4,1,46,3,0,0
1135,41,58,48,44,62,5,35,8,14,12
1142,1,26,29,32,53,21,2,7,59,20
1143,33,34,60,5,21,11,15,2,10,56
1150,14,45,46,8,20,7,28,29,25,17
1158,6,58,5,32,30,36,54,0,0,0
1160,58,42,29,7,10,50,43,59,40,33
1162,13,45,38,62,50,53,47,36,12,7
1170,62,46,26,44,40,3,32,34,36,29
1175,28,52,47,9,59,26,19,23,58,54
1176,18,60,34,31,3,54,17,43,19,36
1177,12,15,45,49,27,53,28,62,4,14
1183,8,25,26,24,57,23,62,5,41,6
1241,4,45,9,39,47,20,49,60,29,28
1250,43,26,12,59,37,49,48,38,36,58
1291,33,42,61,36,2,28,47,55,4,7
1307,5,25,46,58,51,24,34,44,53,42
1321,44,46,17,47,43,51,37,9,14,39
1324,19,62,25,10,50,9,44,28,23,56
1331,26,60,4,54,25,53,59,62,37,17
1349,38,51,9,10,4,20,12,31,56,48
1362,2,46,37,5,39,32,45,55,35,47
1371,19,2,8,16,29,36,0,0,0,0
1377,50,54,37,1,20,24,13,53,51,44
1379,6,1,17,50,53,39,10,3,0,0
1381,18,56,52,11,59,13,34,7,57,0
1384,46,13,2,30,3,61,43,35,49,25
1386,56,16,51,4,44,22,25,28,53,12
1388,50,51,7,61,45,36,1,30,31,28
1403,38,54,60,24,33,12,1,48,6,62
1404,12,57,21,24,54,60,44,40,1,35
1407,11,19,16,55,4,57,35,8,0,0
1409,45,40,30,24,11,5,59,17,23,43
1419,56,53,15,49,22,24,54,60,26,1
1448,16,24,15,49,1,34,13,25,57,50
1458,52,15,31,30,14,9,12,3,53,27
1461,50,60,54,36,34,39,11,25,58,6
1463,30,37,62,51,39,10,46,50,29,13
1473,44,47,57,34,56,13,23,22,0,0
1491,29,6,23,42,57,7,22,0,0,0
1502,38,17,33,46,22,9,37,45,35,48
1503,2,18,45,46,32,42,16,39,38,22
1506,31,4,30,18,17,38,46,57,11,1
1509,37,1,35,19,20,5,50,54,8,57
1515,13,37,1,21,62,14,34,0,0,0
1517,24,34,44,53,46,27,31,58,23,12
1519,28,9,15,59,54,60,57,51,41,3
1523,41,62,35,43,9,38,10,3,59,2
1545,39,5,37,62,11,20,26,53,1,12
1581,13,45,46,27,17,53,15,30,38,8
1584,62,38,53,41,61,37,36,11,20,35
1604,28,12,54,61,40,27,34,6,9,14
1606,10,29,40,39,5,54,2,20,34,0
1612,60,32,52,38,43,49,53,39,3,51
1626,43,34,52,25,56,32,31,60,5,15
1630,52,62,31,46,3,10,49,57,41,21
1640,45,2,17,16,27,60,55,23,40,47
1646,25,41,57,39,51,62,59,23,61,44
1655,60,4,29,58,32,6,18,24,38,25
1663,60,58,10,52,43,5,59,19,39,18
1672,27,26,30,54,60,10,55,56,22,50
1676,46,21,17,22,29,39,34,48,50,30
1710,60,21,28,55,42,17,40,15,59,2
1715,6,33,12,61,29,57,3,22,49,23
1717,12,7,1,17,45,53,13,9,58,39
1726,59,8,32,43,3,15,26,18,35,58
1734,42,62,20,38,10,26,36,13,17,43
1744,26,19,53,1,52,42,16,57,60,0
1755,24,57,62,8,61,49,45,60,13,0
1764,5,4,9,32,28,17,39,36,47,43
1773,1,27,45,26,18,61,7,0,0,0
1777,51,59,25,38,18,40,4,50,42,17
1818,51,32,3,52,31,54,33,14,19,21
1833,40,62,54,44,33,26,43,9,46,16
1834,56,27,51,59,57,13,28,26,23,44
1839,32,27,30,31,33,57,20,47,48,13
1857,14,44,34,28,54,40,49,25,19,7
1876,28,46,4,40,59,30,10,27,7,47
1878,53,46,13,58,33,57,41,0,0,0
1880,9,54,20,55,40,50,53,4,28,8
1890,15,11,58,19,59,20,50,16,21,12
1916,21,58,52,11,51,40,2,20,54,0
1920,33,42,32,48,37,2,16,17,43,15
1921,4,18,40,33,15,23,38,16,10,48
1928,56,18,44,61,33,2,53,46,28,26
1940,38,5,27,3,40,55,57,44,13,32
1968,56,20,36,26,24,11,58,18,41,23
1970,8,38,35,54,19,27,9,41,20,12
1987,19,46,40,38,50,49,35,57,51,45
1991,5,52,36,45,35,19,12,24,58,26
1994,56,11,30,62,37,33,52,15,59,10
1998,15,9,7,60,46,6,4,57,51,11
2005,15,41,16,49,13,59,56,17,58,0
2036,54,19,35,5,55,48,28,49,51,52
2055,60,30,9,15,1,11,37,7,31,36
2061,27,42,31,37,39,4,6,16,36,3
2066,5,44,11,42,38,62,7,14,57,13
2098,13,61,12,35,16,3,43,25,39,31
2106,27,14,52,15,32,55,19,24,4,41
2115,57,16,11,41,56,17,30,19,6,0
2118,29,13,33,11,15,51,1,40,47,26
2130,24,33,16,50,55,57,49,43,35,59
2139,52,13,61,59,26,24,1,35,5,44
2154,12,61,52,3,9,1,56,4,18,0
2156,33,2,62,18,50,32,17,53,39,0
2157,35,55,23,1,30,38,54,4,5,6
2166,50,9,28,18,61,19,56,16,38,47
2173,56,50,12,36,48,61,59,23,10,52
2174,56,24,32,34,36,49,14,22,8,26
2202,23,54,59,13,12,45,11,44,48,31
2217,9,5,44,34,12,46,58,20,23,6
2227,57,28,34,20,30,60,15,41,6,47
2230,32,8,21,4,29,37,19,0,0,0
2245,8,38,4,24,29,47,55,19,51,3
2246,58,27,12,47,30,18,41,39,42,45
2253,28,44,50,11,54,20,15,7,55,6
2256,48,17,37,13,5,34,61,35,16,43
2258,20,5,23,26,15,33,46,19,29,3
2261,35,42,37,51,7,46,4,58,25,39
2262,28,45,7,24,12,33,53,31,4,55
2278,21,2,53,1,36,19,43,7,33,35
2281,27,28,62,9,52,35,40,56,34,0
2285,25,37,39,8,4,51,23,31,0,0
2286,61,8,30,46,43,52,56,27,13,49
2292,50,39,45,48,43,40,7,55,56,12
2296,45,46,18,32,52,8,62,38,30,47
2308,54,33,18,12,15,39,9,14,48,10
2315,4,62,40,17,29,45,13,23,15,54
2326,35,20,32,51,49,21,4,7,27,0
2337,1,39,41,34,27,24,11,35,32,61
2371,41,51,25,32,31,21,47,29,50,36
2375,29,2,33,40,43,39,51,6,42,53
2387,30,58,48,54,35,5,39,49,3,0
2392,62,33,57,37,47,35,41,9,18,54
2404,4,59,60,22,38,52,12,51,33,37
2428,9,12,51,31,19,10,22,16,3,40
2431,58,46,26,12,3,14,24,36,45,30
2445,12,1,59,54,24,43,34,42,11,5
2447,30,56,44,1,5,48,43,18,3,16
2452,46,62,11,17,53,13,8,49,23,41
2456,3,26,30,53,18,38,7,5,29,31
2457,62,8,18,11,2,32,16,23,6,26
2461,49,21,37,7,50,62,44,6,19,36
2471,5,58,16,44,11,12,59,47,4,9
2478,22,37,31,30,32,18,33,49,10,11
2488,10,7,36,32,8,30,1,24,28,57
2499,4,17,15,12,44,62,20,2,13,25
2516,32,41,56,59,22,26,10,16,14,7
2518,27,53,25,46,45,56,38,55,18,35
2521,14,43,53,41,31,7,48,28,40,54
2525,53,54,28,45,12,62,31,34,51,22
2534,10,16,28,61,45,62,52,36,18,27
2541,27,44,56,47,61,38,5,58,33,35
2544,50,8,54,7,55,46,15,52,51,20
2546,49,62,24,34,26,37,5,52,29,7
2549,9,37,32,18,42,41,43,35,17,52
2557,62,32,30,24,35,58,47,50,41,55
2563,42,20,33,12,35,56,62,10,58,27
2564,32,34,35,15,16,2,21,4,12,55
2569,62,50,10,40,7,54,15,49,27,45
2587,38,25,39,21,44,48,51,0,0,0
2589,58,41,17,21,40,30,42,39,19,43
2613,54,9,42,41,26,59,17,58,44,49
2620,15,27,38,26,62,30,43,54,25,36
2625,13,11,41,18,30,15,48,58,43,9
2634,11,46,37,57,28,43,27,18,49,16
2639,20,18,59,31,14,33,57,17,1,60
2656,60,4,62,17,43,28,31,0,0,0
2661,27,38,50,26,31,52,58,14,39,18
2677,2,57,36,60,22,46,4,26,56,7
2678,54,5,12,59,44,60,33,51,23,58
2681,25,50,28,7,36,35,55,1,16,60
2686,31,44,36,19,45,35,10,11,2,34
2694,41,59,15,44,8,20,11,17,25,21
2711,12,46,38,32,61,13,53,39,45,52
2712,52,34,5,15,61,17,23,4,31,3
2715,52,21,1,8,30,14,59,19,42,29
2724,13,29,50,60,59,33,40,42,37,21
2727,56,59,62,48,53,41,36,45,11,50
2740,53,32,43,52,29,45,50,56,60,16
2795,50,42,51,17,27,13,2,31,19,1
2804,55,51,15,62,24,38,36,10,41,61
2811,27,26,23,32,62,2,8,56,44,19
2814,11,36,6,57,59,51,10,22,56,29
2815,53,60,43,62,23,13,18,27,20,4
2826,47,33,41,45,57,49,61,62,15,38
2836,50,34,57,51,61,31,37,42,10,35
2853,7,62,51,16,58,55,46,25,31,36
2861,50,28,48,3,9,59,31,10,57,42
2868,24,60,53,41,38,17,22,43,21,58
2874,6,46,29,44,28,21,31,61,43,24
2878,5,50,19,57,46,60,11,40,31,59
2895,2,55,34,41,46,8,28,23,19,29
2902,9,23,12,6,56,58,21,0,0,0
2918,16,38,26,42,20,50,8,5,43,36
2929,33,8,39,12,61,45,29,24,1,38
2936,8,15,51,18,23,14,42,57,6,36
2945,2,31,26,60,52,28,33,5,61,35
2948,59,32,35,47,45,30,56,26,38,17
2952,54,49,61,34,15,5,62,50,4,25
2958,45,52,20,5,24,22,32,51,17,62
2961,51,10,40,55,7,33,23,45,44,13
2964,42,7,18,51,34,53,37,9,45,58
2980,5,37,10,44,56,35,41,34,42,9
2986,41,57,32,23,46,47,8,15,40,43
3006,42,46,36,27,52,12,59,61,31,32
3007,20,46,15,56,19,17,29,11,58,33
3011,42,52,2,54,19,33,35,29,59,36
3025,47,45,33,8,20,50,25,41,40,21
3032,17,15,59,27,34,33,36,37,48,20
3033,50,8,40,27,51,38,58,13,21,52
3037,18,60,51,57,30,54,61,2,43,31
3050,35,28,47,45,15,24,34,17,50,1
3066,61,55,47,53,32,1,24,40,35,11
3068,32,15,10,42,27,41,39,28,55,19
3075,25,14,11,46,33,3,17,48,28,24
3081,8,36,17,18,54,37,49,58,39,10
3083,45,26,7,59,47,8,15,40,0,0
3099,13,43,32,4,42,53,61,7,8,6
3102,57,47,1,49,59,43,36,51,20,40
3107,9,1,38,47,55,49,59,19,28,58
3112,52,50,38,36,58,37,42,15,61,14
3117,8,24,45,21,59,11,38,31,52,16
3120,12,1,35,21,54,4,53,3,39,10
3129,38,61,17,51,43,55,36,40,32,35
3130,3,25,33,35,60,53,21,43,38,31
3152,55,21,1,29,50,8,39,2,10,27
3153,60,35,48,6,21,54,36,4,0,0
3158,55,42,27,41,57,37,61,31,38,33
3182,30,40,62,27,11,33,22,55,59,10
3220,44,46,21,10,34,9,37,50,26,30
3225,18,37,60,33,30,17,5,55,44,3
3231,42,29,57,14,12,24,26,23,20,16
3265,41,44,34,15,5,8,25,30,59,39
3266,18,5,42,15,19,34,20,16,58,39
3270,35,50,58,20,24,31,22,12,32,37
3276,55,46,47,34,40,57,58,25,1,0
3277,57,38,3,52,61,12,25,18,29,4
3281,46,35,23,55,61,59,11,7,47,21
3283,36,37,15,6,33,24,34,60,39,11
3286,42,5,39,49,34,15,9,2,11,21
3308,22,61,41,53,16,60,58,20,57,5
3310,18,57,24,19,35,14,59,7,3,43
3312,37,47,54,44,38,12,35,33,48,51
3332,57,19,4,8,13,60,15,12,47,16
3340,60,42,5,46,10,12,41,58,39,45
3363,9,3,38,18,42,12,8,4,28,32
3376,29,21,53,58,43,20,8,54,35,47
3381,6,28,61,35,27,54,25,58,1,51
3386,43,46,39,15,12,1,32,37,13,48
3388,37,26,14,54,52,59,30,3,42,49
3406,44,43,53,62,35,20,1,33,36,12
3409,47,54,8,33,30,14,18,58,60,25
3436,46,4,51,24,19,21,30,10,53,14
3439,21,24,29,33,62,54,11,60,20,5
3469,34,62,46,36,50,56,16,38,10,2
3479,62,29,16,27,40,32,42,57,13,4
3515,39,54,48,10,37,25,32,52,2,1
3517,1,22,20,36,13,9,25,47,0,0
3518,61,54,6,37,27,48,44,25,16,11
3524,60,27,28,35,2,46,43,1,24,26
3525,54,16,60,61,55,53,62,4,45,3
3526,55,57,23,33,35,36,53,17,52,3
3536,38,41,35,52,39,53,19,43,26,34
3537,37,55,41,43,18,19,54,38,9,5
3547,60,55,54,26,25,29,15,5,17,62
3551,1,60,24,38,19,10,16,6,47,52
3559,28,46,10,40,61,32,30,50,55,29
3565,4,52,58,60,44,2,14,48,39,20
3570,31,8,12,3,18,40,14,29,17,60
3578,54,33,28,60,44,29,39,4,18,3
3602,44,14,17,48,45,61,34,28,1,52
3623,15,12,8,49,39,9,50,43,41,59
3628,2,47,26,57,24,39,45,37,23,21
3629,8,13,43,10,55,60,23,62,5,38
3641,1,13,59,4,20,46,19,61,17,27
3645,37,28,2,10,54,33,8,11,42,51
3657,60,27,2,19,17,0,0,0,0,0
3665,56,6,32,50,35,10,9,1,41,0
3696,16,56,43,2,10,30,54,12,22,41
3697,61,46,49,47,55,8,57,30,42,52
3706,2,62,26,45,36,46,42,54,3,22
3710,19,8,5,51,54,59,18,53,14,3
3712,34,1,50,59,13,48,26,14,15,33
3722,1,42,34,21,48,2,30,35,7,4
3726,41,1,45,25,16,8,47,24,44,7
3745,6,2,49,38,61,53,13,37,57,45
3766,18,51,40,7,6,38,35,29,31,1
3769,2,60,55,5,21,51,57,8,35,62
3783,18,57,44,11,62,49,29,40,22,12
3790,22,44,39,4,24,61,26,49,7,48
3798,48,13,50,17,61,39,5,26,29,4
3829,33,19,50,49,43,46,58,12,22,52
3839,24,16,52,46,34,30,28,13,27,49
3846,31,33,32,47,58,60,18,6,57,54
3850,49,52,50,16,39,41,59,30,21,22
3855,50,42,60,12,29,33,16,34,17,22
3865,18,25,52,41,24,15,60,59,26,56
3878,51,25,45,49,56,44,10,62,46,52
3885,25,53,33,18,54,52,46,38,29,23
3887,23,31,59,2,52,46,39,33,56,14
3896,5,25,46,61,3,45,24,32,41,6
3921,56,34,42,44,18,23,15,13,58,33
3955,25,44,34,5,29,49,3,20,60,6
3969,23,12,15,59,16,31,19,47,17,7
3972,50,41,56,9,34,17,20,19,7,48
4023,54,34,24,2,37,31,60,13,52,55
4037,44,62,42,50,32,29,54,37,3,58
4042,37,35,38,21,26,49,51,15,60,55
4050,8,34,41,47,25,38,39,57,20,2
4055,5,13,10,47,11,46,21,19,12,23
4066,61,7,9,46,18,24,50,56,49,55
4086,51,9,50,49,10,44,23,0,0,0
4088,45,20,14,33,15,25,62,32,38,17
4093,18,50,33,56,51,16,44,28,9,24
4094,6,49,53,60,61,56,39,46,54,12
4095,13,22,23,59,55,48,26,40,9,10
4096,41,24,62,49,56,58,26,39,46,17
4098,43,32,12,24,49,19,26,41,25,4
4099,4,36,9,27,38,55,13,25,51,48
4102,9,20,41,28,58,38,45,34,43,50
4119,10,50,21,24,56,60,62,53,1,49
4120,4,8,12,39,48,34,45,20,6,26
4136,54,18,32,46,21,38,3,53,47,51
4148,46,40,58,44,56,4,28,22,45,13
4168,3,15,56,46,52,42,43,33,38,25
4174,54,10,1,13,8,12,41,50,51,18
4179,10,14,28,41,56,55,51,22,49,27
4184,7,20,21,5,56,46,37,14,58,4
4186,24,21,29,19,12,11,52,62,42,28
4188,8,10,14,20,19,29,13,42,45,41
4198,51,47,33,57,20,10,37,59,11,41
4200,60,30,3,22,44,29,49,45,4,15
4201,12,45,56,47,19,40,8,14,16,36
4211,12,56,60,9,42,7,26,15,4,24
4220,52,58,38,18,16,14,45,36,26,15
4227,8,46,52,41,44,33,20,25,57,19
4240,18,19,54,33,13,8,2,9,25,0
4246,31,33,55,15,23,30,32,3,22,54
4252,46,28,33,38,32,18,59,49,7,0
4259,47,32,57,60,50,9,51,10,20,12
4268,28,8,38,35,45,14,16,5,47,3
4271,53,12,32,22,17,44,43,61,57,8
4279,12,4,10,13,56,21,38,54,16,51
4290,13,54,33,51,47,55,46,62,35,40
4297,52,59,34,50,27,19,4,55,51,11
4298,12,50,41,56,33,8,51,28,53,37
4301,24,12,45,38,60,52,49,28,16,23
4303,62,26,35,37,24,29,21,56,7,22
4328,23,2,59,15,26,61,46,43,5,9
4329,56,32,48,21,8,11,43,37,2,36
4333,62,29,30,31,44,11,13,36,39,4
4338,17,2,15,35,27,46,47,40,26,61
4345,17,1,51,34,2,15,43,32,14,53
4351,37,50,12,48,9,32,51,17,11,5
4368,19,53,60,41,23,61,54,50,11,10
4370,20,27,22,33,58,24,10,14,55,56
4376,45,30,40,13,34,25,22,4,17,10
4377,56,41,10,61,20,53,15,12,18,28
4381,24,60,12,8,49,54,56,40,59,55
4385,27,34,42,60,24,18,25,30,40,53
4415,61,60,50,17,44,40,7,47,53,57
4432,61,25,4,15,13,46,62,10,16,53
4436,46,31,44,57,41,39,18,20,7,52
4437,45,52,29,5,47,51,30,41,38,59
4442,50,26,7,54,44,36,18,9,14,37
4444,14,12,33,29,53,47,27,20,37,6
4459,46,37,39,12,34,52,18,6,0,0
4470,30,21,48,1,18,50,60,56,55,39
4472,2,19,10,50,12,21,39,47,59,5
4487,62,52,41,53,15,13,25,38,32,35
4541,22,17,53,4,35,49,57,61,47,39
4547,33,12,18,22,48,23,10,53,39,47
4548,32,40,18,28,31,15,4,0,0,0
4550,40,11,38,57,18,58,47,39,28,48
4552,11,18,58,30,28,19,38,31,1,7
4554,7,33,62,58,17,25,15,9,22,34
4557,6,35,62,12,42,25,5,49,37,29
4587,35,62,59,33,4,31,14,47,48,13
4619,61,60,50,39,7,30,6,44,10,28
4643,15,24,38,49,34,1,57,62,9,0
4653,12,20,53,42,50,23,37,21,60,41
4669,59,54,21,46,42,33,22,49,35,26
4682,1,10,48,59,32,2,54,27,15,37
4692,10,4,14,49,43,22,36,60,39,38
4697,45,54,38,7,53,61,52,23,2,20
4698,32,29,39,30,2,62,18,55,47,12
4706,33,59,56,55,46,50,43,38,54,16
4712,32,62,56,53,57,31,40,29,16,24
4713,41,30,8,43,24,39,61,4,7,18
4725,50,26,52,45,5,59,38,42,23,44
4754,35,1,36,26,2,50,21,8,48,31
4764,55,56,57,42,38,52,16,36,15,28
4791,13,7,53,41,28,20,54,60,14,36
4796,20,38,39,57,42,7,50,27,1,47
4808,7,50,28,15,21,16,25,3,39,38
4817,20,57,46,50,13,23,18,5,1,41
4827,52,30,38,46,41,9,3,16,31,8
4828,59,38,29,40,27,32,26,45,52,18
4832,25,18,37,33,54,11,56,38,60,28
4838,24,16,31,3,27,10,5,12,13,18
4855,56,60,48,59,25,33,39,12,61,62
4860,59,8,61,28,5,58,32,4,29,2
4864,34,32,37,38,9,60,3,24,28,7
4865,25,59,27,47,6,31,61,1,45,34
4867,25,33,7,16,51,56,62,30,46,41
4877,61,15,34,43,10,52,6,48,49,27
4887,17,38,55,57,61,14,16,33,59,22
4915,21,60,2,43,37,5,52,48,46,47
4927,27,23,55,40,10,44,14,42,22,54
4937,33,52,31,17,27,13,24,40,7,28
4939,10,40,48,32,20,51,24,45,23,12
4954,12,52,56,36,1,33,38,10,15,61
4961,58,50,25,5,27,19,14,43,56,61
4967,47,19,27,9,23,38,30,28,35,22
4971,35,13,48,60,27,44,33,9,53,55
4973,45,51,10,42,5,14,43,2,59,20
4988,62,54,20,18,50,23,3,53,25,58
4992,18,12,32,38,16,23,7,35,54,22
5010,5,21,33,35,19,2,47,17,8,9
5012,12,4,60,19,28,18,17,45,56,2
5015,55,34,56,32,54,57,3,26,22,1
5025,13,54,61,56,53,24,46,44,23,48
5029,38,20,37,17,32,58,1,25,26,0
5036,1,16,30,14,4,18,61,57,15,49
5043,6,39,29,12,23,16,43,60,41,58
5048,11,28,58,26,57,48,24,3,56,44
5049,18,62,61,36,48,42,49,0,0,0
5062,62,25,26,59,5,47,21,19,48,9
5063,45,60,59,8,25,35,51,41,20,38
5068,60,13,44,39,38,12,41,54,6,31
5074,49,62,61,46,19,16,27,59,5,13
5079,58,31,54,7,26,46,59,50,38,61
5081,10,32,27,30,40,46,62,24,37,17
5093,31,22,49,59,40,33,26,10,16,14
5107,43,21,12,38,53,33,2,9,42,17
5117,1,55,50,38,20,49,5,2,56,24
5123,19,43,3,32,13,38,49,35,8,11
5138,15,11,19,56,57,13,16,8,39,40
5150,1,13,4,51,53,59,26,19,40,15
5154,59,1,33,24,12,29,20,50,56,11
5156,27,60,37,44,47,20,42,28,40,15
5176,20,50,39,25,22,7,8,46,14,1
5180,38,9,60,24,34,52,15,44,40,37
5181,31,57,8,15,58,60,7,43,11,27
5184,23,9,10,26,45,24,55,31,3,5
5223,9,38,32,3,61,53,18,28,35,7
5229,42,26,20,5,10,52,49,7,23,0
5231,17,8,50,21,33,44,11,35,28,27
5232,46,8,56,53,45,50,55,59,9,29
5234,4,25,20,7,18,35,29,47,17,14
5237,12,50,60,44,19,41,27,45,21,18
5247,53,41,31,54,52,49,62,16,34,3
5252,26,57,38,51,8,59,44,50,12,15
5253,62,42,41,50,35,55,21,39,4,60
5255,59,56,12,45,33,41,3,50,25,2
5263,26,30,55,20,15,18,56,37,23,61
5267,50,59,51,31,12,62,45,37,3,32
5268,53,46,44,23,38,43,9,24,26,52
5283,32,30,59,1,3,38,31,48,19,54
5286,44,10,26,62,58,2,1,9,47,15
5287,16,8,60,59,34,33,2,29,7,44
5289,42,21,5,14,12,51,27,33,8,25
5290,15,13,40,7,61,35,51,12,62,3
5294,62,40,48,17,50,24,45,1,36,25
5300,1,5,55,43,38,27,45,25,51,41
5304,37,61,50,8,16,54,55,13,3,48
5313,29,2,5,17,57,20,6,25,7,55
5314,16,42,41,59,10,62,1,21,31,3
5316,32,43,15,42,55,51,39,38,49,22
5320,17,35,31,14,42,9,5,18,50,32
5324,29,24,22,33,1,21,56,30,10,25
5329,20,4,33,38,61,29,44,6,30,37
5336,56,46,6,22,51,27,61,10,5,13
5342,39,1,27,30,18,2,51,33,24,28
5346,13,32,38,36,43,57,14,60,18,51
5371,35,33,21,17,19,59,28,48,49,2
5389,41,35,10,28,55,48,26,19,58,62
5393,30,59,28,23,15,14,57,40,2,36
5394,21,46,28,56,55,52,44,36,37,47
5423,8,23,14,61,28,22,25,53,41,48
5424,49,54,14,34,37,56,31,22,3,0
5429,8,18,11,24,23,22,14,50,5,0
5441,46,62,37,19,24,18,27,29,45,48
5454,4,19,52,49,20,0,0,0,0,0
5455,43,8,54,37,46,55,41,12,38,61
5474,44,62,4,9,6,58,24,25,20,43
5491,19,26,49,2,10,39,35,56,24,30
5493,62,26,51,11,29,52,21,8,35,33
5510,49,30,4,29,43,47,22,42,54,25
5513,26,57,62,49,31,45,61,28,3,39
5517,27,21,50,30,56,19,37,52,31,47
5527,39,34,44,62,14,28,3,40,51,19
5534,21,3,17,18,43,23,37,11,62,57
5552,59,54,47,4,31,20,0,0,0,0
5555,15,54,39,50,30,37,25,31,43,56
5577,35,17,61,28,10,31,24,46,19,54
5585,10,60,43,1,21,49,2,8,20,61
5610,19,1,37,35,30,31,14,7,44,17
5621,23,33,32,13,14,25,50,57,49,11
5623,38,51,34,16,27,52,45,28,40,53
5633,54,60,55,35,39,5,45,48,53,43
5636,49,15,33,45,6,31,50,20,1,25
5642,1,29,18,44,8,55,37,30,47,26
5654,20,34,55,28,9,23,16,15,26,44
5680,34,25,12,28,48,24,54,9,47,18
5684,32,38,17,18,51,9,5,49,7,0
5692,23,14,43,12,40,32,13,45,52,34
5710,18,13,38,24,58,40,3,51,27,44
5723,33,13,37,50,58,61,44,24,20,52
5726,15,9,8,38,49,55,32,33,57,20
5731,21,1,50,2,24,60,61,38,53,17
5734,39,1,37,20,10,60,12,29,55,7
5740,45,2,14,25,28,46,47,15,16,9
5748,41,47,12,58,38,46,11,57,48,26
5751,54,59,18,13,55,33,10,61,41,21
5756,37,43,26,8,30,22,42,16,21,54
5763,41,15,3,31,36,49,37,57,20,45
5788,47,44,50,28,25,40,21,61,60,5
5790,53,22,30,14,7,46,31,18,3,60
5802,24,19,4,13,60,11,26,52,47,27
5823,15,12,5,26,25,49,38,3,56,44
5824,61,16,52,38,50,54,23,20,30,21
5827,44,30,17,33,38,47,14,21,6,0
5835,16,41,34,12,13,15,53,24,39,11
5846,53,38,18,13,4,24,17,0,0,0
5866,46,45,37,53,5,39,49,50,59,31
5868,59,60,37,26,10,54,1,17,50,31
5871,37,53,20,13,41,38,61,22,44,25
5883,37,54,20,55,50,58,18,56,59,33
5885,55,15,23,8,26,42,56,9,13,49
5892,62,34,39,9,44,49,1,37,31,29
5899,32,25,60,24,27,44,41,61,47,59
5907,62,28,44,35,59,32,27,14,38,49
5922,50,24,6,34,25,42,23,32,48,35
5929,42,51,4,58,13,1,3,6,26,41
5939,12,31,43,35,24,44,18,16,61,58
5948,8,53,5,12,57,44,55,33,18,16
5954,30,14,58,56,24,23,48,27,11,40
5956,59,16,51,44,1,34,18,10,41,61
5959,46,17,32,16,61,37,29,35,3,39
5961,52,15,60,5,54,57,34,58,49,53
5966,53,44,45,51,43,56,13,12,22,16
5967,13,10,41,8,48,43,21,33,17,28
5975,60,44,39,49,38,61,4,32,62,31
5985,60,9,20,59,38,13,15,48,42,10
5987,24,36,53,61,9,33,46,6,15,16
5991,57,16,20,49,29,62,1,11,22,9
5995,14,37,24,32,42,41,31,13,55,43
6019,55,9,54,19,38,29,5,58,49,28
6103,10,1,40,38,55,13,39,12,31,43
6116,46,30,13,48,39,17,50,37,53,4
6119,17,33,60,50,29,30,4,44,25,41
6131,24,46,8,17,59,52,53,49,47,32
6141,1,59,33,24,19,27,45,50,61,26
6147,50,10,51,48,22,43,59,19,39,53
6168,59,38,13,2,27,55,56,18,40,48
6177,39,43,55,51,33,6,1,4,41,36
6182,46,53,3,23,61,59,29,19,26,7
6183,20,28,52,9,11,33,60,39,3,44
6197,31,14,17,61,1,33,4,5,6,34
6201,18,28,2,1,3,20,61,15,14,60
6205,62,28,45,52,15,46,56,40,23,41
6211,26,24,35,10,34,41,37,28,61,62
6214,25,16,51,7,21,5,9,49,0,0
6215,37,53,46,30,23,18,19,36,0,0
6222,5,2,61,8,6,31,15,17,55,42
6230,62,21,17,24,2,4,49,27,56,33
6237,8,26,44,47,34,14,24,58,53,60
6255,8,18,56,61,33,62,26,3,10,25
6263,34,24,23,60,6,40,15,25,12,28
6271,16,61,35,46,2,31,6,1,62,55
6287,54,2,21,44,36,45,31,39,18,55
6289,16,51,50,45,28,62,38,17,61,55
6310,37,20,47,30,34,61,38,58,27,39
6336,13,32,51,47,27,55,15,35,34,52
6340,24,16,41,32,42,38,27,31,9,29
6347,5,42,32,11,3,57,23,44,43,9
6354,38,41,56,48,2,61,23,37,20,30
6355,5,50,37,27,45,32,16,44,30,9
6357,24,10,2,29,30,22,40,52,6,35
6365,29,60,1,44,24,12,49,28,7,17
6374,23,49,35,59,15,13,47,8,53,14
6376,37,62,35,40,12,10,9,33,45,8
6379,61,48,41,12,46,54,57,26,3,21
6382,8,38,35,62,6,21,61,59,23,22
6383,21,10,17,33,12,57,7,43,34,47
6387,38,48,59,36,27,23,31,20,14,26
6398,12,44,52,32,34,62,39,13,47,56
6404,52,21,54,61,12,2,11,19,3,29
6424,32,14,62,15,17,36,13,11,50,18
6431,27,1,53,60,21,57,50,10,39,0
6437,2,50,5,44,42,10,23,18,19,13
6460,49,15,41,30,21,27,19,57,62,35
6466,47,46,48,21,41,40,36,0,0,0
6471,30,38,53,16,12,2,5,43,19,51
6488,1,45,11,41,27,31,15,38,10,33
6504,49,50,4,28,47,26,7,60,3,57
6507,7,1,20,51,38,44,3,18,46,29
6515,7,12,24,46,47,2,29,38,33,60
6516,59,62,56,9,45,40,60,8,5,26
6528,28,35,30,55,3,37,58,60,9,21
6534,17,54,20,59,21,46,23,52,14,36
6568,19,35,5,54,25,28,20,1,32,23
6609,3,2,50,38,22,30,5,17,62,33
6616,47,37,50,13,27,23,33,9,16,46
6619,52,54,12,8,22,50,16,51,32,31
6634,30,48,50,14,15,46,17,38,54,5
6642,60,34,59,40,54,23,4,48,9,28
6646,20,32,50,60,37,30,47,53,14,57
6663,28,14,17,27,8,4,10,18,36,3
6673,41,30,56,53,55,48,37,29,36,0
6678,62,23,15,2,36,53,27,13,29,45
6679,56,47,32,18,20,37,39,48,5,62
6682,51,21,59,12,60,44,25,2,1,46
6690,24,26,41,60,12,52,56,33,55,53
6710,34,47,56,59,16,50,39,15,44,41
6728,1,56,11,16,62,2,51,60,59,30
6730,33,28,46,21,6,38,12,10,29,8
6742,32,8,25,46,39,61,57,33,26,5
6768,24,26,34,59,55,19,58,36,0,0
6770,50,44,52,24,38,61,41,56,60,31
6798,17,46,32,57,19,50,37,39,18,42
6818,9,62,41,25,34,16,52,17,26,39
6825,24,41,8,47,12,33,22,23,53,57
6856,41,28,49,16,53,45,12,14,23,15
6859,44,46,18,55,28,30,40,24,3,59
6862,15,50,13,2,12,47,51,25,29,20
6864,54,60,37,12,4,13,15,55,19,0
6866,45,47,32,4,35,16,14,34,36,50
6870,41,17,51,16,40,45,24,2,53,3
6875,62,9,15,40,59,58,45,49,25,54
6878,25,39,54,37,30,33,53,61,49,57
6885,40,28,60,41,48,55,27,26,43,39
6918,37,30,33,32,55,54,38,49,28,22
6919,37,2,13,46,60,33,15,44,58,51
6927,29,56,39,1,15,3,52,9,59,37
6940,28,16,18,57,61,29,45,1,60,35
6941,29,40,33,9,49,10,47,17,7,0
6950,37,26,44,14,43,13,35,41,59,7
6958,1,55,33,58,50,29,51,54,42,30
6961,2,26,35,56,34,41,45,40,59,42
6969,31,44,9,27,8,53,41,23,36,40
6983,53,41,28,59,50,35,40,22,34,54
7002,53,2,25,56,47,62,34,18,38,23
7004,61,22,10,52,30,31,48,36,41,55
7007,19,4,58,33,11,16,14,18,32,15
7011,55,5,52,56,36,51,32,50,43,9
7019,59,54,49,11,38,31,58,46,62,21
7023,32,57,26,50,60,5,19,39,36,29
7034,16,34,53,51,22,12,7,9,41,46
7037,26,1,51,62,61,55,47,56,31,0
7042,5,52,17,11,15,39,20,61,59,32
7093,31,38,1,20,13,42,28,16,15,19
7108,8,2,17,32,20,10,33,7,51,52
7124,41,27,43,38,60,47,44,57,8,12
7128,55,40,54,18,42,37,9,1,59,23
7141,1,17,61,13,58,24,19,47,37,23
7152,37,44,57,10,27,62,41,60,13,12
7181,8,46,31,1,44,18,61,28,27,17
7186,46,1,50,38,49,15,61,45,47,30
7192,31,54,10,21,62,50,7,49,48,33
7196,17,42,52,55,1,27,6,18,31,54
7212,48,44,26,34,55,50,57,43,32,46
7224,5,54,45,56,39,19,32,11,35,34
7232,59,11,26,56,25,1,28,0,0,0
7235,5,20,44,14,4,19,18,41,25,31
7244,9,23,56,24,48,50,33,19,31,8
7254,51,46,55,7,40,8,28,49,29,42
7261,8,52,14,32,15,29,9,17,5,3
7264,5,39,59,17,48,44,34,56,41,40
7275,15,46,1,55,31,5,23,45,34,43
7281,53,2,60,27,6,45,9,11,37,61
7284,9,12,44,24,50,37,59,42,55,19
7286,8,12,57,61,31,11,7,1,3,26
7297,62,20,33,37,10,42,1,11,36,35
7301,7,13,33,23,39,53,34,29,58,36
7325,30,15,58,46,59,56,60,7,26,54
7326,4,52,53,49,33,42,62,28,26,46
7327,27,12,15,8,29,56,61,20,33,2
7349,35,38,43,26,22,1,41,6,47,7
7352,24,10,20,29,47,17,37,25,42,41
7369,24,5,38,22,60,36,3,29,31,10
7373,37,24,40,38,30,49,7,12,8,62
7384,2,50,14,40,13,27,3,7,35,61
7386,40,27,19,62,50,1,59,21,61,26
7393,12,27,19,8,40,38,59,47,37,54
7408,31,30,38,52,9,7,39,59,25,16
7409,52,50,47,15,56,37,55,8,17,57
7411,51,32,44,15,54,47,31,6,3,45
7414,33,48,56,13,41,30,39,50,19,31
7419,46,23,38,8,33,39,55,47,6,21
7422,46,21,10,60,39,8,40,7,29,14
7426,15,25,56,46,24,35,47,5,40,53
7433,60,38,25,33,24,19,9,35,22,43
7437,5,61,35,32,20,29,1,56,42,0
7444,57,62,59,61,2,23,13,3,42,53
7453,31,61,12,44,25,33,48,21,41,6
7458,52,41,22,3,39,21,49,4,47,54
7462,16,44,4,58,14,45,34,48,43,55
7485,12,42,53,30,48,56,18,50,41,54
7494,2,16,1,10,51,61,49,7,52,39
7495,62,12,13,30,24,5,42,37,23,10
7505,44,29,34,16,15,7,38,50,41,4
7514,25,13,21,10,3,60,18,58,23,55
7516,8,28,46,18,55,52,27,29,56,60
7527,8,52,17,26,30,23,36,48,42,9
7530,15,45,1,51,16,2,32,52,5,24
7532,17,40,29,24,38,37,44,61,15,7
7533,55,53,20,9,14,8,22,36,46,34
7540,17,61,4,49,25,57,11,14,44,0
7573,41,60,17,53,8,31,46,14,39,33
7574,32,50,33,53,42,24,62,48,35,52
7592,53,62,13,52,27,36,19,12,43,10
7600,8,19,17,33,58,15,27,41,11,7
7613,37,46,39,31,57,49,51,16,45,14
7617,8,39,61,36,5,57,38,23,51,19
7620,17,1,60,40,9,33,37,61,19,8
7628,60,16,25,34,5,38,32,53,59,3
7629,4,61,50,27,40,20,39,2,28,22
7660,5,55,35,51,32,43,8,42,38,10
7679,13,19,38,49,40,23,22,15,45,55
7685,40,24,28,17,62,27,18,4,11,55
7698,32,34,45,23,15,8,38,55,18,0
7699,37,40,15,43,55,33,7,34,13,53
7725,50,13,30,15,53,14,60,42,0,0
7736,44,21,53,33,41,3,20,12,32,2
7761,43,53,40,11,9,33,22,35,32,62
7786,39,15,37,62,49,33,48,41,44,30
7788,39,60,57,4,25,45,51,56,44,36
7791,15,12,39,2,34,56,57,44,51,16
7798,50,35,53,21,46,22,4,37,44,14
7807,49,61,53,9,1,54,24,52,22,31
7828,41,50,60,15,53,12,32,49,31,59
7829,47,53,35,2,32,33,37,45,27,42
7842,56,49,57,28,55,37,40,44,52,36
7848,19,17,58,57,29,5,39,21,1,35
7872,29,14,25,17,33,61,52,34,51,24
7873,2,36,17,19,10,55,53,50,40,23
7892,13,55,21,24,9,1,3,47,23,0
7901,49,59,56,52,31,21,25,9,28,37
7912,37,33,31,9,24,61,2,7,26,23
7930,37,17,48,24,62,35,46,8,50,60
7937,57,1,62,18,24,31,49,5,8,43
7943,18,2,19,56,6,53,44,10,27,54
7947,62,8,16,22,45,13,40,20,6,26
7990,42,1,13,23,47,37,29,24,46,40
7998,62,26,5,48,36,1,49,13,20,34
8008,6,24,29,21,31,49,61,44,41,60
8017,47,38,62,45,9,30,26,35,44,19
8026,54,8,15,44,62,41,5,37,16,10
8036,21,61,8,15,27,35,45,19,2,14
8070,40,42,49,46,55,5,4,2,29,11
8079,54,2,51,57,33,29,8,21,12,26
8080,21,16,46,24,29,13,41,27,1,17
8082,54,26,16,45,55,58,20,36,8,59
8086,17,61,56,32,14,28,55,20,37,43
8104,42,1,4,10,60,46,3,53,5,24
8135,38,35,33,37,7,28,51,3,61,42
8140,1,57,37,55,42,30,49,32,15,4
8143,55,4,34,15,46,45,41,16,52,27
8146,40,61,25,17,44,60,9,51,58,3
8147,28,59,17,14,18,61,7,0,0,0
8151,2,33,23,7,16,15,29,60,26,42
8159,9,24,15,45,41,44,34,1,6,0
8162,6,57,31,51,7,30,28,29,35,61
8175,30,31,18,38,28,3,61,19,48,54
8180,34,12,24,27,6,43,48,16,41,50
8181,39,42,51,49,8,40,38,27,1,61
8182,9,57,23,8,30,62,19,41,4,3
8207,49,43,57,47,55,8,2,41,7,21
8212,26,32,22,47,42,48,0,0,0,0
8213,41,51,28,54,55,56,32,38,39,5
8216,6,29,16,49,37,61,35,48,33,27
8230,34,44,17,51,56,37,59,13,4,10
8234,26,14,38,35,48,36,17,52,53,37
8254,46,48,53,9,54,11,5,8,17,51
8275,46,44,24,30,42,59,10,61,38,4
8286,24,45,25,38,12,14,36,15,7,59
8299,8,27,59,35,19,6,52,48,16,20
8312,47,35,26,9,53,30,55,52,33,2
8315,49,43,46,59,19,33,48,60,9,8
8334,33,27,29,53,37,50,47,60,35,28
8341,4,50,33,15,51,17,20,60,52,47
8346,39,47,5,6,60,41,36,48,35,20
8360,47,45,27,53,61,51,9,30,59,23
8369,29,15,14,31,50,44,7,34,2,6
8372,1,26,18,45,49,2,36,7,39,56
8373,54,7,53,31,12,29,41,51,1,40
8387,44,62,20,15,27,41,49,39,35,38
8397,49,8,18,58,27,53,51,37,3,0
8405,5,44,42,50,53,9,16,8,43,4
8414,34,11,54,1,4,23,21,16,22,9
8416,29,15,28,45,7,1,50,33,14,24
8418,10,50,47,55,7,13,28,12,62,30
8420,15,31,9,48,32,17,20,54,41,51
8430,16,54,43,13,60,45,35,49,58,41
8442,2,61,29,50,15,19,40,25,14,20
8443,44,62,56,10,53,9,46,33,8,24
8461,51,14,53,49,61,39,54,35,23,52
8462,13,19,5,9,50,31,37,58,53,4
8477,46,37,31,62,57,21,18,50,27,38
8514,21,36,9,11,57,20,51,2,0,0
8523,35,46,59,28,43,11,14,18,12,30
8524,28,35,32,21,11,6,7,0,0,0
8527,50,36,43,25,32,49,20,27,1,17
8541,45,62,58,24,38,55,10,18,1,50
8553,57,35,33,62,40,31,42,23,12,28
8557,46,48,32,3,27,56,39,10,61,12
8562,30,18,11,37,40,2,8,22,9,20
8566,31,35,30,3,60,33,46,61,4,44
8588,19,7,12,46,27,40,10,53,13,29
8594,31,28,26,35,10,15,21,27,12,43
8595,57,46,37,62,10,8,31,50,42,34
8605,45,59,51,33,49,10,46,42,62,52
8619,28,6,18,14,56,59,12,52,43,44
8625,54,39,37,33,12,55,29,11,4,48
8629,55,28,47,34,58,54,41,40,44,10
8650,20,61,45,55,5,12,30,1,54,44
8652,12,14,47,27,52,35,44,6,42,39
8663,48,58,4,42,1,20,9,33,12,43
8685,23,53,55,13,18,54,14,45,43,33
8686,62,57,36,21,23,14,47,34,29,35
8687,4,8,30,20,10,52,35,62,12,15
8692,56,44,18,25,15,40,7,6,52,22
8700,33,29,57,59,42,50,37,47,43,21
8702,61,41,11,39,6,49,5,56,22,26
8724,43,20,17,53,46,32,7,58,12,33
8726,31,39,46,54,33,2,10,22,42,9
8737,48,8,22,1,31,21,9,47,58,39
8749,5,16,29,55,14,30,11,50,40,52
8754,48,13,43,32,7,55,39,6,60,51
8773,33,17,8,9,59,15,37,53,26,60
8775,52,1,32,15,31,51,42,24,21,49
8779,31,37,2,34,25,40,43,27,51,0
8789,55,61,32,44,17,14,26,28,23,12
8799,37,50,51,18,9,52,35,62,40,28
8812,10,35,21,19,58,26,56,43,22,20
8832,25,48,56,40,30,15,16,26,42,21
8842,5,30,35,46,9,52,47,15,21,4
8870,7,51,19,43,57,4,58,49,45,25
8876,20,38,39,55,53,51,50,32,8,30
8890,18,30,52,38,17,29,54,45,37,15
8910,20,31,57,39,5,7,28,10,4,51
8916,33,21,8,47,11,58,7,29,62,3
8933,1,34,30,18,14,22,26,57,55,7
8945,33,43,61,15,24,21,14,48,12,10
8953,48,38,24,1,41,35,50,62,12,30
8955,60,29,50,20,53,30,6,61,57,0
8962,9,7,55,50,16,38,29,37,14,51
8975,16,5,36,1,30,57,43,59,7,58
8977,30,15,57,60,40,1,34,20,38,49
9014,14,11,36,24,35,51,43,1,45,44
9076,8,55,28,46,17,6,15,38,5,10
9080,33,41,31,46,14,60,26,0,0,0
9081,35,51,33,13,37,7,47,12,9,36
9097,24,60,34,53,39,54,46,37,25,36
9119,11,38,27,9,40,19,43,18,37,7
9135,24,43,6,37,49,35,13,14,15,46
9140,1,38,37,20,41,15,5,16,42,56
9150,27,24,34,60,50,58,35,48,22,17
9197,14,44,37,17,8,31,28,49,3,11
9213,53,47,41,33,7,13,25,59,9,20
9214,4,27,17,30,32,50,5,45,48,15
9216,8,33,59,60,27,57,54,42,29,30
9235,7,62,35,24,52,6,45,50,13,8
9239,31,19,15,58,46,41,38,20,16,5
9246,30,42,39,12,7,29,62,55,17,36
9262,34,25,26,46,28,23,41,2,36,5
9283,43,60,2,36,35,49,18,56,25,29
9289,25,15,59,8,33,45,58,44,47,61
9291,34,36,32,20,18,28,54,49,43,44
9303,23,51,1,41,17,37,47,16,56,3
9316,17,24,31,40,9,14,23,19,8,48
9347,31,8,7,9,40,43,44,17,27,3
9360,31,45,49,44,6,18,37,24,10,36
9386,1,35,62,51,25,30,7,26,48,57
9392,25,50,34,18,14,37,13,1,26,31
9396,9,4,16,44,42,48,30,38,10,15
9405,8,60,2,43,33,41,45,54,26,48
9422,40,30,56,32,18,53,51,10,50,2
9423,2,44,30,5,6,51,47,21,15,13
9432,34,52,44,9,17,31,13,26,39,0
9460,12,37,11,18,48,41,5,16,50,45
9467,62,38,15,44,24,46,1,30,35,12
9478,55,37,17,31,46,34,15,44,54,41
9481,11,34,23,19,18,24,37,4,26,29
9485,59,35,15,18,17,47,5,54,13,41
9491,30,16,28,27,55,60,34,25,22,45
9503,48,2,59,16,38,56,8,10,54,22
9507,62,45,44,6,35,16,53,24,38,11
9523,33,14,48,59,26,43,8,11,37,36
9530,9,47,42,27,33,24,21,41,10,58
9543,46,17,32,48,5,37,39,59,23,52
9553,31,49,34,55,15,1,26,9,48,40
9576,56,11,36,52,20,5,24,10,54,40
9579,49,1,26,50,60,28,4,56,15,3
9592,15,34,20,58,49,38,62,25,12,18
9612,19,43,8,32,39,59,53,33,54,29
9617,30,27,41,38,21,51,24,61,37,57
9635,28,27,56,55,8,34,61,1,41,40
9648,18,12,24,62,19,32,41,46,9,47
9653,58,46,24,25,41,19,16,33,17,6
9665,4,1,29,21,52,51,54,35,38,17
9668,46,26,45,44,23,59,7,12,27,41
9671,26,48,53,52,50,61,41,47,4,44
9672,62,44,61,54,51,25,33,26,36,29
9701,50,62,46,14,22,27,49,2,40,16
9703,37,60,6,32,18,21,13,9,57,0
9706,24,32,50,54,34,44,55,46,52,35
9725,9,2,43,31,44,23,26,15,19,17
9727,34,33,24,8,56,38,23,9,29,25
9733,18,24,5,34,59,25,15,37,40,11
9736,62,15,38,50,51,31,27,45,9,4
9738,55,33,6,39,54,29,26,7,9,34
9739,27,48,52,38,41,50,58,56,9,15
9771,57,32,56,5,49,62,30,28,12,15
9797,46,32,62,3,57,39,49,27,30,59
9829,26,35,30,47,12,48,55,51,23,0
9850,7,45,35,54,14,26,51,38,31,30
9860,43,37,46,40,44,28,31,47,5,58
9862,10,33,51,18,22,32,30,45,13,55
9905,12,41,39,2,10,7,32,43,29,54
9909,35,12,46,24,14,33,7,55,3,19
9916,47,13,40,43,41,34,19,42,11,49
9923,14,52,44,47,31,50,39,34,19,38
9925,1,60,57,53,15,30,48,27,56,61
9931,15,9,6,18,56,28,31,12,33,14
9937,25,48,54,44,8,39,45,26,34,14
9955,50,25,60,36,6,19,43,29,38,27
9960,55,2,60,61,40,25,33,43,39,1
9964,24,50,61,1,44,42,36,33,7,0
9967,16,2,21,26,52,1,35,45,59,44
9970,47,35,28,55,51,15,53,10,26,33
9972,37,14,15,2,19,17,43,11,22,48
9974,49,56,9,50,15,40,33,19,45,42
9986,34,5,27,56,49,25,52,50,24,22
10001,19,61,1,36,56,16,49,60,0,0
10010,20,42,8,46,4,26,37,12,1,40
10022,38,49,33,32,19,53,13,22,31,6
10031,12,32,33,18,54,59,7,2,0,0
10032,15,48,58,9,30,23,25,28,52,60
10033,8,28,60,4,12,24,61,6,29,33
10065,16,50,31,42,25,23,58,2,57,32
10067,18,2,62,30,16,5,8,39,61,38
10069,28,3,44,27,32,23,4,29,47,11
10084,5,22,47,32,29,14,51,44,56,50
10104,31,46,43,56,38,58,54,33,36,7
10120,38,45,32,23,20,44,47,52,62,14
10141,54,53,37,50,34,10,46,28,27,36
10146,54,61,44,8,55,38,34,43,6,15
10157,35,37,46,3,30,26,34,54,14,19
10160,25,38,50,37,39,35,48,16,58,34
10175,39,57,59,5,33,23,53,47,35,4
10176,13,1,38,45,20,18,37,58,5,9
10203,12,53,43,61,1,58,35,10,29,0
10207,31,54,47,27,18,6,38,23,0,0
10212,43,7,35,12,52,26,15,37,8,19
10219,23,8,6,53,20,55,19,46,54,11
10232,14,39,61,19,12,5,26,25,55,20
10236,8,7,26,16,37,41,35,5,33,20
10241,17,4,50,19,27,34,24,26,61,55
10242,33,13,51,2,31,1,15,57,49,23
10250,44,17,21,56,47,7,42,0,0,0
10258,58,38,62,12,40,55,59,47,10,3
10260,33,32,49,61,59,4,6,8,0,0
10262,51,38,53,62,8,55,50,28,2,13
10264,53,43,61,27,11,44,7,1,20,36
10270,60,33,57,50,20,21,3,31,43,53
10277,31,41,61,10,53,33,40,46,48,34
10281,17,30,27,4,60,61,34,37,35,45
10304,60,25,4,1,49,50,58,22,35,21
10311,14,35,58,5,43,40,59,22,51,15
10313,45,28,39,54,15,46,61,6,62,47
10323,21,54,60,13,19,49,30,5,50,22
10339,32,17,61,51,50,1,27,25,34,54
10340,53,41,13,4,7,61,9,62,14,0
10341,49,60,37,47,2,6,20,41,54,43
10350,37,28,12,52,49,56,46,34,42,62
10352,16,50,28,29,24,45,62,37,56,42
10356,60,23,26,33,15,19,25,13,45,32
10364,44,46,56,34,55,13,24,7,52,15
10377,33,57,56,11,53,47,40,16,24,42
10380,24,32,47,15,20,29,40,52,48,0
10381,46,39,38,29,19,7,59,33,48,25
10390,11,18,19,17,16,31,51,61,27,45
10395,34,33,28,11,37,32,10,27,23,47
10398,50,61,10,54,49,58,53,2,60,46
10401,44,12,33,7,10,27,16,41,54,8
10402,43,17,1,4,8,29,49,38,3,53
10403,59,30,44,46,33,58,53,18,9,13
10420,44,62,34,30,49,36,31,41,4,5
10432,4,31,52,19,46,20,39,51,3,0
10448,25,3,30,26,9,6,60,52,1,40
10451,38,52,15,20,9,36,34,56,13,4
10466,51,22,56,59,41,49,43,44,45,30
10470,55,14,38,20,5,34,61,3,49,8
10473,46,23,4,24,11,17,62,52,2,53
10475,55,62,38,57,21,60,33,51,49,56
10476,49,27,41,39,43,40,15,24,8,12
10477,18,5,21,54,33,60,2,36,41,30
10490,2,18,28,34,19,44,59,29,38,11
10492,33,30,58,18,9,38,32,24,44,22
10500,32,56,22,33,10,29,36,24,35,8
10509,28,47,33,11,59,53,37,10,54,4
10521,60,37,48,32,33,17,5,36,27,14
10525,38,31,53,22,3,49,41,54,27,1
10536,23,26,54,30,12,50,8,11,2,0
10542,47,5,49,53,45,18,54,60,37,33
10552,1,50,34,28,60,16,39,31,29,56
10556,43,14,36,39,11,40,57,29,28,24
10560,54,5,59,58,1,45,6,4,31,55
10573,35,33,49,37,26,53,54,8,39,59
10591,10,34,40,61,7,44,6,55,60,19
10595,22,30,55,41,3,34,57,29,10,6
10598,13,35,12,52,21,58,47,37,4,56
10602,27,47,59,6,44,5,17,28,29,25
10609,20,46,4,50,8,61,58,49,42,54
10613,24,35,9,32,46,10,41,5,52,51
10617,35,21,55,7,22,52,27,46,51,13
10623,37,15,29,38,33,34,39,18,41,13
10629,14,17,53,59,57,28,8,22,34,36
10634,46,50,39,56,45,25,61,38,19,21
10637,54,12,4,40,52,27,45,59,24,53
10640,2,32,49,22,8,46,24,39,16,40
10641,19,12,44,2,38,41,15,28,40,1
10642,17,33,50,4,29,38,51,57,14,27
10643,2,54,52,56,38,18,15,62,24,44
10659,55,62,33,9,43,47,50,42,36,8
10680,30,32,33,3,21,18,47,20,37,35
10681,58,48,24,41,29,17,39,51,62,12
10686,19,11,35,56,13,50,15,1,18,53
10691,33,21,46,16,25,17,11,29,12,49
10699,32,33,34,26,1,5,47,38,24,18
10702,5,61,3,32,46,59,20,12,22,15
10703,8,4,46,10,7,41,61,29,3,18
10708,52,17,31,21,46,41,16,38,7,36
10710,44,24,8,14,52,40,18,49,16,0
10735,61,10,60,20,48,57,30,51,50,8
10738,5,21,7,25,36,50,3,26,15,43
10741,45,50,19,39,52,5,54,35,15,14
10749,37,14,40,50,18,61,55,17,52,12
10755,33,22,2,49,21,56,5,27,23,43
10757,53,1,50,54,21,20,58,49,30,12
10779,35,51,50,13,1,6,14,54,20,25
10785,5,52,35,28,3,49,51,0,0,0
10789,46,50,39,2,29,49,22,15,7,58
10790,50,51,36,42,9,59,48,31,56,7
10795,1,27,7,29,52,53,55,61,42,49
10796,13,56,14,11,29,32,49,22,42,58
10812,6,9,61,53,1,51,8,21,18,55
10821,33,25,61,58,7,39,51,44,41,54
10826,19,12,33,38,59,9,47,54,3,16
10827,38,55,58,2,60,49,42,47,48,0
10837,31,53,27,18,14,15,17,25,60,38
10839,33,8,21,36,10,19,2,52,39,45
10841,32,18,35,3,8,61,62,42,29,47
10854,58,36,28,11,26,8,52,57,4,55
10855,25,56,21,49,3,28,59,60,33,41
10856,51,41,27,25,26,15,47,42,59,39
10862,21,50,46,60,61,28,16,34,43,29
10905,33,60,6,48,9,56,30,40,51,13
10913,24,45,58,12,11,14,7,47,10,21
10914,32,53,27,56,33,9,62,5,48,36
10951,32,27,53,38,2,25,43,50,56,21
10967,61,55,40,5,45,38,43,54,48,59
10971,11,57,16,47,30,31,39,19,0,0
10995,62,7,25,35,44,47,54,40,37,4
11003,52,41,24,55,5,30,34,46,14,8
11004,32,24,5,34,6,47,20,2,23,30
11007,53,61,24,31,13,57,20,41,34,0
11010,33,59,45,14,25,17,1,37,60,16
11025,58,2,18,30,37,52,42,6,48,13
11030,17,29,25,35,41,60,3,40,12,62
11031,8,21,42,46,52,37,48,39,10,3
11039,13,51,55,16,38,33,36,23,50,52
11075,6,29,21,27,60,52,10,33,49,14
11086,59,23,25,56,20,44,53,16,2,60
11091,10,61,38,20,35,58,32,40,26,0
11092,1,34,11,36,60,62,41,49,57,15
11096,32,27,37,50,8,41,17,5,56,36
11100,15,60,62,41,46,49,45,10,42,19
11110,46,43,36,40,4,23,45,11,42,0
11114,38,20,24,9,50,56,37,42,45,1
11121,5,45,49,14,61,27,32,43,47,31
11148,62,50,25,53,27,42,49,26,44,38
11166,13,41,8,52,25,48,38,42,32,14
11178,35,46,31,22,16,38,15,33,40,19
11181,14,57,22,4,54,41,32,50,6,0
11187,21,3,48,52,30,31,25,50,14,1
11188,61,52,24,41,9,16,15,2,27,25
11191,62,8,13,51,29,10,45,14,60,21
